generation,agents_evaluated,best_fitness,average_fitness,average_age,total_food_eaten,total_children
1,15,12725.2,7294.8,7211.47,13,6
2,14,12063.7,9093.26,9003.98,17,4
3,13,14487.9,9086.64,8971.26,26,2
4,13,12654.1,7064.17,6983.41,17,2
5,13,13606.5,7991.45,7856.84,31,2
6,12,13079.5,9168.25,9055.75,27,0
7,14,13444.7,9414.29,9303.57,23,4
8,14,15369.4,11088,10905.8,43,4
9,13,12725.3,8224.63,8063.09,38,2
10,17,14488.2,8529.24,8367.48,35,10
11,13,13166.2,8670.38,8551.15,27,2
12,13,14487.8,8630.88,8465.5,39,2
13,14,14047.4,9586.09,9446.8,31,4
14,14,13203.8,9392.18,9252.89,31,4
15,17,15220.7,7821.12,7632.89,44,10
16,15,13166.1,8255.17,8098.51,35,6
17,13,11994.5,8057.28,7957.28,22,2
18,13,11964.9,9572.45,9472.45,22,2
19,13,13166.2,10313.8,10206.1,24,2
20,15,12725.3,9661.91,9548.57,22,6
21,13,10962.6,6849.43,6780.2,14,2
22,13,11403.2,8492.31,8419.23,15,2
23,15,12939.3,9724.96,9554.96,39,6
24,13,12755.4,9641.05,9541.05,22,2
25,16,13166.2,9619.78,9457.28,36,8
26,14,13181.4,10128.3,9989.06,31,4
27,13,13606.7,10296.1,10165.3,30,2
28,15,14063.1,10085.4,9945.37,30,6
29,17,13060.4,9663.36,9495.71,37,10
